{
    "loss": [
        2.870281457901001,
        1.6510789394378662,
        1.243172287940979,
        1.1244210004806519,
        1.086977243423462,
        1.0727593898773193,
        1.064217209815979,
        1.0579431056976318,
        1.0531693696975708,
        1.0504295825958252,
        1.0441389083862305,
        1.0463948249816895,
        1.0403618812561035,
        1.0377272367477417,
        1.036627173423767,
        1.0367919206619263,
        1.0322275161743164,
        1.0317585468292236,
        1.032095193862915,
        1.0307835340499878,
        1.0265402793884277,
        1.029536485671997,
        1.0254313945770264,
        1.0266926288604736,
        1.0229631662368774,
        1.0213521718978882,
        1.0206902027130127,
        1.0182044506072998,
        1.0210660696029663,
        1.0159258842468262,
        1.015838623046875,
        1.0138713121414185,
        1.0121718645095825,
        1.0145862102508545,
        1.0108728408813477,
        1.0107663869857788,
        1.0091769695281982,
        1.0075442790985107,
        1.0065809488296509,
        1.0044339895248413,
        1.0025171041488647,
        1.003084421157837,
        1.0016591548919678,
        1.0037144422531128,
        1.0004276037216187,
        0.993079662322998,
        0.9957900643348694,
        0.9954067468643188,
        0.9952796101570129,
        0.9899394512176514,
        0.9890459775924683,
        0.975795328617096,
        0.967879593372345,
        0.9660984873771667,
        0.9643775820732117,
        0.960862398147583,
        0.9621490836143494,
        0.9569869637489319,
        0.9558988809585571,
        0.9561836123466492,
        0.9540234804153442,
        0.9531214833259583,
        0.9522149562835693,
        0.9496834874153137,
        0.9483360052108765,
        0.947494626045227,
        0.9485456943511963,
        0.9472479224205017,
        0.9461588859558105,
        0.94259113073349,
        0.9479459524154663,
        0.9426950812339783,
        0.9408280849456787,
        0.9417349696159363,
        0.9399469494819641,
        0.9343012571334839,
        0.9341524839401245,
        0.9336310029029846,
        0.9349803328514099,
        0.9356396198272705,
        0.9328917860984802,
        0.9314589500427246,
        0.9279055595397949,
        0.9326366186141968,
        0.9311680793762207,
        0.9314281940460205,
        0.9315411448478699
    ],
    "accuracy": [
        0.357902467250824,
        0.41978365182876587,
        0.45627063512802124,
        0.4563623070716858,
        0.4680968225002289,
        0.47937294840812683,
        0.4843234419822693,
        0.49449944496154785,
        0.4956912398338318,
        0.5017418265342712,
        0.5132012963294983,
        0.5060505867004395,
        0.5129262804985046,
        0.5170516967773438,
        0.5234690308570862,
        0.5176017880439758,
        0.5202603340148926,
        0.5309864282608032,
        0.5297029614448547,
        0.5281444787979126,
        0.5310781002044678,
        0.5268610119819641,
        0.5342867374420166,
        0.5356618762016296,
        0.5352951884269714,
        0.5404290556907654,
        0.5375871062278748,
        0.5413457751274109,
        0.5426292419433594,
        0.5451045036315918,
        0.54941326379776,
        0.5501466989517212,
        0.55335533618927,
        0.5516135096549988,
        0.5535386800765991,
        0.5564723014831543,
        0.5595892667770386,
        0.5585808753967285,
        0.5629813075065613,
        0.5638980269432068,
        0.5662816166877747,
        0.572148859500885,
        0.5639897584915161,
        0.5684818625450134,
        0.5689402222633362,
        0.5809497833251953,
        0.5761826038360596,
        0.5767326951026917,
        0.5797579884529114,
        0.5862669348716736,
        0.5870003700256348,
        0.6034103631973267,
        0.6076274514198303,
        0.6055188775062561,
        0.6099193096160889,
        0.6144114136695862,
        0.6141363978385925,
        0.6143197417259216,
        0.6162449717521667,
        0.6183534860610962,
        0.6250458359718323,
        0.6162449717521667,
        0.6265126466751099,
        0.6201870441436768,
        0.6256875395774841,
        0.6282544732093811,
        0.621928870677948,
        0.627246081829071,
        0.6288962364196777,
        0.6281628012657166,
        0.6231206655502319,
        0.6310047507286072,
        0.6330216526985168,
        0.6357719302177429,
        0.6300880312919617,
        0.6357719302177429,
        0.634580135345459,
        0.6404473781585693,
        0.6378804445266724,
        0.6366886496543884,
        0.6377887725830078,
        0.642097532749176,
        0.640722393989563,
        0.6411808133125305,
        0.6417308449745178,
        0.64328932762146,
        0.6442061066627502
    ],
    "val_loss": [
        2.0552492141723633,
        1.3707869052886963,
        1.165839433670044,
        1.1099623441696167,
        1.092532753944397,
        1.087005853652954,
        1.0819065570831299,
        1.0785387754440308,
        1.0776844024658203,
        1.0733375549316406,
        1.0743581056594849,
        1.0737143754959106,
        1.0731184482574463,
        1.0716376304626465,
        1.070285439491272,
        1.0722154378890991,
        1.0719431638717651,
        1.0719562768936157,
        1.0693459510803223,
        1.0701075792312622,
        1.0732495784759521,
        1.0709733963012695,
        1.0728747844696045,
        1.0721418857574463,
        1.0735491514205933,
        1.0715080499649048,
        1.073451280593872,
        1.069117546081543,
        1.0736347436904907,
        1.0721288919448853,
        1.0732922554016113,
        1.07179856300354,
        1.0726302862167358,
        1.0727007389068604,
        1.0732862949371338,
        1.0757405757904053,
        1.0744177103042603,
        1.0783532857894897,
        1.0778263807296753,
        1.0776047706604004,
        1.0782276391983032,
        1.080173373222351,
        1.0777573585510254,
        1.0786640644073486,
        1.0818462371826172,
        1.0835702419281006,
        1.0834894180297852,
        1.0823965072631836,
        1.0855309963226318,
        1.0879912376403809,
        1.0873702764511108,
        1.0886285305023193,
        1.0885767936706543,
        1.0888359546661377,
        1.0892748832702637,
        1.0897592306137085,
        1.0884664058685303,
        1.08910071849823,
        1.0896966457366943,
        1.0903488397598267,
        1.091349720954895,
        1.0903290510177612,
        1.0912259817123413,
        1.0917861461639404,
        1.0929832458496094,
        1.0939136743545532,
        1.0937756299972534,
        1.0944653749465942,
        1.0951024293899536,
        1.0964914560317993,
        1.0961822271347046,
        1.0959975719451904,
        1.096977949142456,
        1.0976568460464478,
        1.097827672958374,
        1.098185658454895,
        1.0985300540924072,
        1.0992127656936646,
        1.0996559858322144,
        1.0996112823486328,
        1.0999032258987427,
        1.1005163192749023,
        1.1008409261703491,
        1.1017125844955444,
        1.1018716096878052,
        1.1018368005752563,
        1.1021417379379272
    ],