{
    "loss": [
        2.147080421447754,
        1.3313894271850586,
        1.1406638622283936,
        1.0843658447265625,
        1.060770034790039,
        1.050461769104004,
        1.0443124771118164,
        1.0391072034835815,
        1.034913420677185,
        1.0314165353775024,
        1.0284634828567505,
        1.0252182483673096,
        1.0229134559631348,
        1.0208287239074707,
        1.0173665285110474,
        1.0173617601394653,
        1.013726830482483,
        1.0129249095916748,
        1.0095325708389282,
        1.0092886686325073,
        1.006768822669983,
        1.0057973861694336,
        1.0055335760116577,
        1.0028883218765259,
        0.9999575614929199,
        1.0014444589614868,
        1.0000156164169312,
        0.9985373020172119,
        0.9849536418914795,
        0.9837512373924255,
        0.9826529622077942,
        0.9787325263023376,
        0.9782966375350952,
        0.976910412311554,
        0.9751904010772705,
        0.9767146706581116,
        0.974403977394104,
        0.9737914800643921,
        0.9717387557029724,
        0.9719384908676147,
        0.9724950194358826,
        0.9699627161026001,
        0.9699824452400208,
        0.9703603982925415,
        0.9694607853889465,
        0.9688006043434143,
        0.966729462146759,
        0.9668191075325012,
        0.9676097631454468,
        0.965061366558075,
        0.9673192501068115,
        0.9662390947341919,
        0.9656727910041809,
        0.9630024433135986,
        0.9622563123703003,
        0.9626979827880859,
        0.9603786468505859,
        0.9598464965820312,
        0.9609280824661255,
        0.9597565531730652,
        0.9600732326507568,
        0.9602305889129639,
        0.9594220519065857,
        0.9583903551101685,
        0.9583191275596619
    ],
    "accuracy": [
        0.38558855652809143,
        0.46369636058807373,
        0.4808397591114044,
        0.4917491674423218,
        0.49596625566482544,
        0.5004583597183228,
        0.4983498454093933,
        0.5041254162788391,
        0.5103593468666077,
        0.5135680437088013,
        0.5134763717651367,
        0.5141180753707886,
        0.5155848860740662,
        0.5211771130561829,
        0.5231022834777832,
        0.5208104252815247,
        0.5270443558692932,
        0.5248441696166992,
        0.526677668094635,
        0.5270443558692932,
        0.531811535358429,
        0.5309864282608032,
        0.5385038256645203,
        0.5304363965988159,
        0.5370370149612427,
        0.539328932762146,
        0.5384121537208557,
        0.5380454659461975,
        0.5543637871742249,
        0.5553721785545349,
        0.5560139417648315,
        0.5594059228897095,
        0.5608727335929871,
        0.5616978406906128,
        0.5616978406906128,
        0.5613311529159546,
        0.5605977177619934,
        0.5611478090286255,
        0.5618811845779419,
        0.5638063549995422,
        0.5605977177619934,
        0.5648148059844971,
        0.5626146197319031,
        0.5605060458183289,
        0.5635313391685486,
        0.5650898218154907,
        0.5680234432220459,
        0.5640814304351807,
        0.5659149289131165,
        0.5693069100379944,
        0.567381739616394,
        0.5665566325187683,
        0.5665566325187683,
        0.5723322629928589,
        0.5708653926849365,
        0.5695819854736328,
        0.5696736574172974,
        0.5730656385421753,
        0.5661899447441101,
        0.5751742124557495,
        0.5737073421478271,
        0.5676567554473877,
        0.5719655156135559,
        0.5727906227111816,
        0.571323812007904
    ],
    "val_loss": [
        1.547017216682434,
        1.2024531364440918,
        1.1124489307403564,
        1.0845295190811157,
        1.0721840858459473,
        1.0663397312164307,
        1.0630719661712646,
        1.0602439641952515,
        1.0593936443328857,
        1.0576058626174927,
        1.0567965507507324,
        1.0558290481567383,
        1.0559176206588745,
        1.0545294284820557,
        1.0531072616577148,
        1.0532054901123047,
        1.0532547235488892,
        1.0519737005233765,
        1.05197274684906,
        1.0520488023757935,
        1.0522562265396118,
        1.0507763624191284,
        1.0499505996704102,
        1.0495331287384033,
        1.0513771772384644,
        1.049784779548645,
        1.0496479272842407,
        1.0497961044311523,
        1.0486667156219482,
        1.0477867126464844,
        1.0467538833618164,
        1.0458483695983887,
        1.0453808307647705,
        1.044880986213684,
        1.0441441535949707,
        1.044087290763855,
        1.043548345565796,
        1.0434898138046265,
        1.0429835319519043,
        1.0425119400024414,
        1.0420119762420654,
        1.0422004461288452,
        1.0417425632476807,
        1.041839361190796,
        1.0413659811019897,
        1.0408504009246826,
        1.04084312915802,
        1.0407140254974365,
        1.0402172803878784,
        1.0405378341674805,
        1.040425181388855,
        1.0402050018310547,
        1.0402730703353882,
        1.0401653051376343,
        1.0400782823562622,
        1.0398885011672974,
        1.039646863937378,
        1.0395668745040894,
        1.0395699739456177,
        1.0394322872161865,
        1.039520502090454,
        1.0393973588943481,
        1.0391809940338135,
        1.0391945838928223,
        1.0390175580978394
    ],
    "val_accuracy": [
        0.44636964797973633,
        0.46039605140686035,
        0.4744224548339844,
        0.47359734773635864,
        0.46782177686691284,
        0.4686468541622162,
        0.4727722704410553,
        0.47194719314575195,
        0.46782177686691284,
        0.47194719314575195,
        0.4752475321292877,
        0.4744224548339844,
        0.4768976867198944,
        0.47772276401519775,
        0.4744224548339844,
        0.48349836468696594,
        0.48184818029403687,
        0.48349836468696594,
        0.4768976867198944,
        0.4867986738681793,
        0.4843234419822693,
        0.4867986738681793,
        0.47937294840812683,
        0.4801980257034302,
        0.4801980257034302,
        0.4826732575893402,
        0.48514851927757263,
        0.4826732575893402,
        0.485973596572876,
        0.48927393555641174,
        0.4867986738681793,
        0.485973596572876,
        0.48514851927757263,
        0.4884488582611084,
        0.48927393555641174,
        0.48927393555641174,
        0.49092409014701843,
        0.48927393555641174,
        0.48762375116348267,
        0.4884488582611084,
        0.4917491674423218,
        0.4867986738681793,
        0.49092409014701843,
        0.4900990128517151,
        0.4942244291305542,
        0.48927393555641174,
        0.48927393555641174,
        0.4867986738681793,
        0.4884488582611084,
        0.4884488582611084,
        0.4900990128517151,
        0.48762375116348267,
        0.4900990128517151,
        0.4884488582611084,
        0.48762375116348267,
        0.4867986738681793,
        0.48762375116348267,
        0.4884488582611084,
        0.48762375116348267,
        0.4867986738681793,
        0.48762375116348267,
        0.48514851927757263,
        0.48514851927757263,
        0.48762375116348267,
        0.48762375116348267
    ],