{
    "loss": [
        2.845806121826172,
        1.614743709564209,
        1.225052833557129,
        1.1154463291168213,
        1.084553837776184,
        1.0713618993759155,
        1.0659986734390259,
        1.0615595579147339,
        1.0565613508224487,
        1.0524965524673462,
        1.049172043800354,
        1.0457836389541626,
        1.0449650287628174,
        1.040891408920288,
        1.03898286819458,
        1.038122296333313,
        1.037424921989441,
        1.0349915027618408,
        1.0325032472610474,
        1.0320816040039062,
        1.0310139656066895,
        1.028297781944275,
        1.0267633199691772,
        1.0287957191467285,
        1.0233855247497559,
        1.0215568542480469,
        1.0234109163284302,
        1.0213733911514282,
        1.0209035873413086,
        1.017903447151184,
        1.010288953781128,
        1.0040020942687988,
        1.000901222229004,
        0.9987830519676208,
        0.9996245503425598,
        0.9961318969726562,
        0.9965183734893799,
        0.994490385055542,
        0.9941518902778625,
        0.9933444857597351,
        0.9931731224060059,
        0.9906069040298462,
        0.989963710308075,
        0.9889091849327087,
        0.990510106086731
    ],
    "accuracy": [
        0.3473597466945648,
        0.40016502141952515,
        0.44581958651542664,
        0.4559955894947052,
        0.47176384925842285,
        0.4785478413105011,
        0.48927393555641174,
        0.49229922890663147,
        0.4970663785934448,
        0.49899157881736755,
        0.5086175203323364,
        0.5098093152046204,
        0.5135680437088013,
        0.5168683528900146,
        0.5217271447181702,
        0.5178768038749695,
        0.5230106115341187,
        0.5252108573913574,
        0.5291529297828674,
        0.5286028385162354,
        0.5316281914710999,
        0.531811535358429,
        0.5324532389640808,
        0.5311697721481323,
        0.5430876612663269,
        0.5413457751274109,
        0.5423542261123657,
        0.5392372608184814,
        0.5388705730438232,
        0.5439127087593079,
        0.5521635413169861,
        0.5562889575958252,
        0.5668317079544067,
        0.5671067237854004,
        0.5608727335929871,
        0.5648148059844971,
        0.5637146830558777,
        0.5674734115600586,
        0.5662816166877747,
        0.5709571242332458,
        0.5671067237854004,
        0.5726072788238525,
        0.5718738436698914,
        0.5756325721740723,
        0.5745324492454529
    ],
    "val_loss": [
        2.0135104656219482,
        1.3420796394348145,
        1.1500247716903687,
        1.1008691787719727,
        1.0890214443206787,
        1.0824443101882935,
        1.0787127017974854,
        1.080066442489624,
        1.0766974687576294,
        1.0755468606948853,
        1.0737348794937134,
        1.0701998472213745,
        1.0717685222625732,
        1.0716725587844849,
        1.0727177858352661,
        1.0708056688308716,
        1.0695396661758423,
        1.0695956945419312,
        1.071099042892456,
        1.0695021152496338,
        1.0727388858795166,
        1.071382999420166,
        1.070221185684204,
        1.0700929164886475,
        1.072115421295166,
        1.0722849369049072,
        1.0729758739471436,
        1.0726749897003174,
        1.0721068382263184,
        1.072577714920044,
        1.0713485479354858,
        1.0709272623062134,
        1.0702121257781982,
        1.070048451423645,
        1.0693596601486206,
        1.0693823099136353,
        1.0696905851364136,
        1.069554090499878,
        1.0691349506378174,
        1.069109320640564,
        1.0690374374389648,
        1.0688902139663696,
        1.0688568353652954,
        1.069053292274475,
        1.0691465139389038
    ],
    "val_accuracy": [
        0.4323432445526123,
        0.4306930601596832,
        0.45214521884918213,
        0.4587458670139313,
        0.4537953734397888,
        0.4645214378833771,
        0.4669966995716095,
        0.4686468541622162,
        0.4752475321292877,
        0.47607260942459106,
        0.4752475321292877,
        0.4785478413105011,
        0.4768976867198944,
        0.47937294840812683,
        0.47607260942459106,
        0.4810231029987335,
        0.47772276401519775,
        0.48514851927757263,
        0.4843234419822693,
        0.4867986738681793,
        0.485973596572876,
        0.4801980257034302,
        0.4826732575893402,
        0.48349836468696594,
        0.48762375116348267,
        0.4810231029987335,
        0.4801980257034302,
        0.4826732575893402,
        0.4801980257034302,
        0.4810231029987335,
        0.47937294840812683,
        0.48349836468696594,
        0.48514851927757263,
        0.4826732575893402,
        0.48762375116348267,
        0.48514851927757263,
        0.48514851927757263,
        0.4867986738681793,
        0.48514851927757263,
        0.48514851927757263,
        0.4867986738681793,
        0.4826732575893402,
        0.485973596572876,
        0.48514851927757263,
        0.485973596572876
    ],
    "lr": [
        9.999999747378752e-05,
        9.999999747378752e-05,
        9.999999747378752e-05,
        9.999999747378752e-05,
        9.999999747378752e-05,
        9.999999747378752e-05,
        9.999999747378752e-05,
        9.999999747378752e-05,
        9.999999747378752e-05,
        9.999999747378752e-05,
        9.999999747378752e-05,
        9.999999747378752e-05,
        9.999999747378752e-05,
        9.999999747378752e-05,
        9.999999747378752e-05,
        9.999999747378752e-05,
        9.999999747378752e-05,
        9.999999747378752e-05,
        9.999999747378752e-05,
        9.999999747378752e-05,
        9.999999747378752e-05,
        9.999999747378752e-05,
        9.999999747378752e-05,
        9.999999747378752e-05,
        9.999999747378752e-05,
        9.999999747378752e-05,
        9.999999747378752e-05,
        9.999999747378752e-05,
        9.999999747378752e-05,
        9.999999747378752e-05,
        1.9999999494757503e-05,
        1.9999999494757503e-05,
        1.9999999494757503e-05,
        1.9999999494757503e-05,
        1.9999999494757503e-05,
        9.999999747378752e-06,
        9.999999747378752e-06,
        9.999999747378752e-06,
        9.999999747378752e-06,
        9.999999747378752e-06,
        9.999999747378752e-06,
        9.999999747378752e-06,
        9.999999747378752e-06,
        9.999999747378752e-06,
        9.999999747378752e-06
    ]
}